name,depedsch_id,district_id,address,school_head,position,contact_number,email,created_at,updated_at,deleted_at
Buan ES,128565,1,"Purok 1, Buan, Asuncion, Davao del Norte",Allan R. Matunhay,Head Teacher I,9190077520,128565@deped.gov.ph,7/14/2025 3:29,7/14/2025 3:29,
Buclad ES,128566,1,"Purok 1, Buclad, Asuncion, Davao del Norte",Eufemia V. Saga,Principal I,9286215748,128566@deped.gov.ph,7/14/2025 3:29,7/14/2025 3:29,
Cabaywa ES,128567,1,"Purok 2, Cabaywa, Asuncion, Davao del Norte",Daisy Jane C. Alinsub,Principal II,9075772173,128567@deped.gov.ph,7/14/2025 3:29,7/14/2025 3:29,
Gavino E. Amoguis ES,128568,1,"Purok 12, Cabaywa, Asuncion, Davao del Norte",Liza C. Monteroso,Master Teacher II,9075379529,128568@deped.gov.ph,7/14/2025 3:29,7/14/2025 3:29,
Camansa ES,128569,1,"Purok 3, Camansa, Asuncion, Davao del Norte",Ric Michael B. Morales,Head Teacher I,9976081190,128569@deped.gov.ph,7/14/2025 3:29,7/14/2025 3:29,
Camansa Lower PS,204501,1,"Prk.5 Camansa, Asuncion DDN",Leonardo B. Item,Head Teacher I,9677496030,204501@deped.gov.ph,7/14/2025 3:29,7/14/2025 3:29,
Cambanogoy CES,128570,1,"Purok 2, Cambanogoy, Asuncion ,DDN",Dr. Marlene P. Basa,Principal IV,9467212798,128570@deped.gov.ph,7/14/2025 3:29,7/14/2025 3:29,
Camoning ES,128571,1,"Purok Mahayahay , Camoning , Asuncion , Davao del Norte",Grace A. Desonia,Principal IV,9065415843,128571@deped.gov.ph,7/14/2025 3:29,7/14/2025 3:29,
Canatan ES,128572,1,"Purok 1,Canatan, Asuncion, Davao del Norte",Arnulfo P. Pacaña,Principal I,9988638962,128572@deped.gov.ph,7/14/2025 3:29,7/14/2025 3:29,
Concepcion ES,128573,1,"Purok 2, Concepcion, Asuncion, Davao del Norte",Rey T. Aguelo,Principal I,9108777177,128573@deped.gov.ph,7/14/2025 3:29,7/14/2025 3:29,
Katipunan ES,128575,1,"Purok 3, Doña Andrea, Asuncion, Davao del Norte",Restituto A. Digal Jr.,Principal IV,9338295371,128575@deped.gov.ph,7/14/2025 3:29,7/14/2025 3:29,
Liguyon ES,128577,1,"Liguyon, Binancian,  Asuncion, Davao del Norte",Jonel F. Muyco,Head Teacher IV,9914172144,128577@deped.gov.ph,7/14/2025 3:29,7/14/2025 3:29,
Magbaad ES,128579,1,"Purok 14, Magbaad, Sagayen, Asuncion, Davao del Norte ",Ian Flor M. Dosado,Head Teacher II,9307260416,128579@deped.gov.ph,7/14/2025 3:29,7/14/2025 3:29,
Mahayahay PS,128580,1,"Purok 17, Mahayahay, Cambanogoy, Asuncion, Davao del Norte",Rolina S. Soroño,Master Teacher II,9392066190,128580@deped.gov.ph,7/14/2025 3:29,7/14/2025 3:29,
Napungas ES,128582,1,"Purok 3, Napungas, Asuncion, Davao del Norte",Cecilia A. Advincula,Principal II,9487712383,128582@deped.gov.ph,7/14/2025 3:29,7/14/2025 3:29,
New Bantayan ES,128583,1,"Purok 1, New Bantayan, Asuncion, Davao del Norte",Faith Katherine A. Corpuz,Principal I,9073695955,128583@deped.gov.ph,7/14/2025 3:29,7/14/2025 3:29,
New Loon ES,128584,1,"Purok 1, New Loon, Asuncion, Davao del Norte ",Ophelia A. Roca,Principal III,9176278992,128584@deped.gov.ph,7/14/2025 3:29,7/14/2025 3:29,
New Santiago ES,128585,1,"Purok 3, New Santiago, Asuncion, Davao del Norte",Rose Anne A. Patayon,Head Teacher I,9124812680,128585@deped.gov.ph,7/14/2025 3:29,7/14/2025 3:29,
New Talisay ES,128586,1,"Purok 7, New Talisay, Cambanogoy, Asuncion, Davao del Norte",Eugene E. Villagracia,Principal I,9958666423,128586@deped.gov.ph,7/14/2025 3:29,7/14/2025 3:29,
New Visayas PS,128587,1,"New Visayas, Buan, Asuncion, Davao del Norte",Jerheysa E. Matunhay,Head Teacher I,9510677322,128587@deped.gov.ph,7/14/2025 3:29,7/14/2025 3:29,
Sagayen ES,128591,1,"Purok 1, Sagayen, Asuncion, Davao del Norte",Dominador A. Dayson,Head Teacher III,9562033185,128591@deped.gov.ph,7/14/2025 3:29,7/14/2025 3:29,
San Vicente ES,128593,1,"Purok 5, San Vicente, Asuncion, Davao del Norte ",Sally H. Tapay,Head Teacher II,9514023061,128593@deped.gov.ph,7/14/2025 3:29,7/14/2025 3:29,
Sonlon ES,128596,1,"Purok 2, Sonlon, Asuncion, Davao del Norte",Jay-Ar Dave T. Tanguan,Head Teacher III,9127030094,128596@deped.gov.ph,7/14/2025 3:29,7/14/2025 3:29,
Sta. Filomena PS,128597,1,"Purok 2, Sta. Filomena, Asuncion, Davao del Norte",Ma. Narcisa S. Gallaza,Master Teacher I,9478267188,128597@deped.gov.ph,7/14/2025 3:29,7/14/2025 3:29,
Pamacaun IS,502244,1,"Purok 3-B, Pamacaun, Asuncion, Davao del Norte",Niño A. Fernandez,Master Teacher II,9072655802,502244@deped.gov.ph,7/14/2025 3:29,7/14/2025 3:29,
Rizal IS,500846,1,"Purok 3, Sitio Rizal, Binancian, Asuncion, Davao del Norte",Elias P. Limotin,Principal I,9952212396,500846@deped.gov.ph,7/14/2025 3:29,7/14/2025 3:29,
Magatos IS,501077,1,"Purok 3, Magatos, Asuncion, Davao del Norte",Feliza P. Playda,Principal IV,9507146314,501077@deped.gov.ph,7/14/2025 3:29,7/14/2025 3:29,
Adelanto ES,128645,4,"Purok 3, Sua-on, Kapalong, Davao del Norte",Marylyn F. Angoy,Principal III,9307341106,128645@deped.gov.ph,7/14/2025 3:29,7/14/2025 3:29,
Clementa F. Royo ES,204520,4,"10-C, Maniki, Kapalong, Davao del Norte",Maria Elena H. Nimes,Principal III,9486286462,204520@deped.gov.ph,7/14/2025 3:29,7/14/2025 3:29,
Domingo B. Hain ES (Florida ES),128651,4,"Purok 2, Florida, Kapalong, Davao Del Norte",Chary C. Comar,Principal III,9073329897,128651@deped.gov.ph,7/14/2025 3:29,7/14/2025 3:29,
Dr. Vislumino Y. Tamondong ES,204533,4,"Purok 3, Relocation Site, Maniki, Davao del Norte",Leigh Jay P. Cubar,Principal I,9773473407,204533@deped.gov.ph,7/14/2025 3:29,7/14/2025 3:29,
Kilantang ES,204532,4,"Purok 9, Kilantang, Sua-on, Kapalong, Davao del Norte",Kinee Jay G. Calumba,Teacher I,9556485041,204532@deped.gov.ph,7/14/2025 3:29,7/14/2025 3:29,
Luan ES,128658,4,"Sitio Luan, Mabantao, Kapalong, Davao del Norte",Joethamry T. Genovia,Head Teacher III,9754655693,128658@deped.gov.ph,7/14/2025 3:29,7/14/2025 3:29,
Mabantao ES,128675,4,"Purok 1-A, Mabantao, Kapalong, Davao del Norte",Judith G. Galano,Principal III,9672252021,128675@deped.gov.ph,7/14/2025 3:29,7/14/2025 3:29,
Mabuhay ES,128660,4,"Purok 6-A, Capungagan, Kapalong, Davao del Norte",Charisse P. Paragoso,Principal III,9176242164,128660@deped.gov.ph,7/14/2025 3:29,7/14/2025 3:29,
Maniki CES SPED Center,128662,4,"Rizal St., Maniki, Kapalong, Davao del Norte",Ian Rose D. Cuenca,Principal III,9704577581,128662@deped.gov.ph,7/14/2025 3:29,7/14/2025 3:29,
Marcos P. Estoque ES,128663,4,"Purok 1, Capungagan, Kapalong, Davao del Norte",Phoebe Grace C. Eran,Principal III,9353939658,128663@deped.gov.ph,7/14/2025 3:29,7/14/2025 3:29,
Rogelio P. Macadangdang ES,137059,4,"Purok 9, Capungagan, Kapalong, Davao del Norte",Efren V. Jabines,Head Teacher III,9650667096,137059@deped.gov.ph,7/14/2025 3:29,7/14/2025 3:29,
New Boholano ES,128664,4,"Purok 2, Boholano, Florida, Kapalong, Davao del Norte",/Larry A. Ucol,Head Teacher II,,128664@deped.gov.ph,7/14/2025 3:29,7/14/2025 3:29,
Pandulian ES,128665,4,"Sitio Pandulian, Mabantao, Kapalong, Davao del Norte",Bonita T. Miole,Principal I,9089884319,128665@deped.gov.ph,7/14/2025 3:29,7/14/2025 3:29,
Sambayon ES,128668,4,"Sambayon,Sua-on,Kapalong,Davao del Norte",Reggie R. Balaba,Teacher I,9600645109,128668@deped.gov.ph,7/14/2025 3:29,7/14/2025 3:29,
Sua-on ES,128670,4,"Purok 4, Sua-on, Kapalong, Davao del Norte",Diovenel Q. Polestico,Principal I,9486609839,128670@deped.gov.ph,7/14/2025 3:29,7/14/2025 3:29,
Upper & Lower Mabini ES,204523,4,"Purok 13-A, Maniki, Kapalong, Davao del Norte",Alexander P. Redaniel,Principal I,9176365414,204523@deped.gov.ph,7/14/2025 3:29,7/14/2025 3:29,
Kamansi IS,501076,4,"Purok 12, Kamansi, Florida, Kapalong, Davao del Norte",Bayani N. Escoton,Head Teacher II,9388534958,501076@deped.gov.ph,7/14/2025 3:29,7/14/2025 3:29,
Aninipot ES,128647,6,"Aninipot, Gupitan, Kapalong, Davao del Norte",Jorynel R. Tampos,Head Teacher I,9058872113,128647@deped.gov.ph,7/14/2025 3:29,7/14/2025 3:29,
Banualay ES,204511,6,"Sitio Banualay, Gupitan, Kapalong Davao del Norte",Earljemar T. Estrada,Teacher I,9505434676,204511@deped.gov.ph,7/14/2025 3:29,7/14/2025 3:29,
Balulon ES,137009,6,"Sitio Balulon, Gupitan, Kapalong, Davao del Norte",Delmar S. Obenieta,Teacher I,,137009@deped.gov.ph,7/14/2025 3:29,7/14/2025 3:29,
Dibabawon I ES,204505,6,"Okapan, Gupitan, Kapalong, Davao del Norte",Loreen Jane D. Peralta,Teacher I,,204505@deped.gov.ph,7/14/2025 3:29,7/14/2025 3:29,
Dibabawon II ES,204506,6,"Kimataan II, Gupitan, Kapalong, Davao del Norte",Cyrzyll Ken J. Abao,Teacher I,,204506@deped.gov.ph,7/14/2025 3:29,7/14/2025 3:29,
Dugayan ES,128650,6,"Dugayan, Gupitan, Kapalong Davao del Norte",Rhiza May E. Alilaya,Head Teacher II,9350760670,128650@deped.gov.ph,7/14/2025 3:29,7/14/2025 3:29,
Kawayan ES,137011,6,"Kawayan, Gupitan, Kapalong, Davao Del Norte",Thoter Alconten,Teacher I,,137011@deped.gov.ph,7/14/2025 3:29,7/14/2025 3:29,
Kamunuan ES,137010,6,"Kamunuan, Gupitan, Kapalong, Davao del Norte",Junrey P. Rapul,Head Teacher II,9754551498,137010@deped.gov.ph,7/14/2025 3:29,7/14/2025 3:29,
Kapogi ES,137012,6,"Kapogi, Gupitan, Kapalong, Davao del Norte",Jhorben Dave T. Genovia,Teacher I,9655412596,137012@deped.gov.ph,7/14/2025 3:29,7/14/2025 3:29,
Kim-isog ES,137014,6,"Sitio Kim-isog, Gupitan, Kapalong, Davao del Norte",Suriel R. Butihen,Head Teacher I,9169159392,137014@deped.gov.ph,7/14/2025 3:29,7/14/2025 3:29,
Lapangon ES,204531,6,"Sitio Baho, Gupitan, Kapalong, Davao del Norte",Reynaldo G. Glodove,Head Teacher I,9308098345,204531@deped.gov.ph,7/14/2025 3:29,7/14/2025 3:29,
Luno-Luno ES,204524,6,"Luno-luno, Gupitan, Kapalong, Davao del Norte",Analou T. Ramos,Master Teacher I,9067806356,204524@deped.gov.ph,7/14/2025 3:29,7/14/2025 3:29,
Lower Tagasan ES,204530,6,"Sitio Lower Tagasan, Gupitan, Kapalong, Davao del Norte",Greg E. Serafica,Head Teacher II,9369283097,204530@deped.gov.ph,7/14/2025 3:29,7/14/2025 3:29,
Maguimon ES,204525,6,"Maguimon, Gupitan, Kapalong, Davao del Norte",Chenie Kate Almanzor,Teacher I,,204525@deped.gov.ph,7/14/2025 3:29,7/14/2025 3:29,
Mansalinao ES,204526,6,"Sitio Mansalinao, Gupitan, Kapalong, Davao del Norte",Rhaciel M. Pablo,Head Teacher I,9559305845,204526@deped.gov.ph,7/14/2025 3:29,7/14/2025 3:29,
Moling ES,137013,6,"Moling, Gupitan, Kapalong, Davao del Norte",Lita D. Miranda,Head Teacher I,9456952031,137013@deped.gov.ph,7/14/2025 3:29,7/14/2025 3:29,
Nasinabong ES,204527,6,"Poiton, Gupitan, Kapalong Davao del Norte",Joy G. Mamado,Head Teacher I,9606498990,204527@deped.gov.ph,7/14/2025 3:29,7/14/2025 3:29,
Ngan ES,204529,6,"Sitio Kampina, Gupitan, Kapalong Davao del Norte",Marichu P. Pontillas,Head Teacher I,9388525135,204529@deped.gov.ph,7/14/2025 3:29,7/14/2025 3:29,
Patel ES,128666,6,"Sitio Patil, Gupitan, Kapalong, Davao del Norte",Jeovan Brylle D. Tumale,Head Teacher I,9553581567,128666@deped.gov.ph,7/14/2025 3:29,7/14/2025 3:29,
Pipisan ES,204528,6,"Pipisan, Gupitan, Kapalong, Davao del Norte",Marlon L. Arrocena,Head Teacher I,9055873745,204528@deped.gov.ph,7/14/2025 3:29,7/14/2025 3:29,
Taongatok ES,204521,6,"Sitio Taongatok, Gupitan, Kapalong Davao del Norte",Rhenaley Joy G. Algon,Teacher II,,204521@deped.gov.ph,7/14/2025 3:29,7/14/2025 3:29,
Tapayanon ES,137008,6,"Sitio Mondol, Gupitan, Kapalong Davao del Norte",Jeffrey H. Nimes,Teacher III,9265027038,137008@deped.gov.ph,7/14/2025 3:29,7/14/2025 3:29,
Tawinian ES,137007,6,"Tawinian, Gupitan, Kapalong, Davao del Norte",Rendel B. Miranda,Teacher I,9777602190,137007@deped.gov.ph,7/14/2025 3:29,7/14/2025 3:29,
Tiapo ES,204522,6,"Sitio Tiapo, Gupitan, Kapalong, Davao del Norte",Jumar P. Tumale,Teacher I,9101184555,204522@deped.gov.ph,7/14/2025 3:29,7/14/2025 3:29,
Gupitan IS,500847,6,"Centro, Gupitan, Kapalong, Davao del Norte",Rhealyn Mae G. Luengas,Master Teacher I,9974702257,500847@deped.gov.ph,7/14/2025 3:29,7/14/2025 3:29,
Kapatagan IS,500452,6,"Kapatagan, Gupitan, Kapalong, Davao del Norte",Roland B. Abao,Head Teacher I,9518222451,500452@deped.gov.ph,7/14/2025 3:29,7/14/2025 3:29,
Langan IS,501763,6,"Langan, Gupitan, Kapalong, Davao del Norte",Carolyn C. Collado,Head Teacher IV,9157040502,501763@deped.gov.ph,7/14/2025 3:29,7/14/2025 3:29,
Mangkay IS,501765,6,"Mangkay, Gupitan, Kapalong, Davao del Norte",Leopoldo J. Maymay,Head Teacher III,9552952815,501765@deped.gov.ph,7/14/2025 3:29,7/14/2025 3:29,
Mambago IS,501767,6,"Mambago, Gupitan, Kapalong, Davao del Norte",Jomar T. Madrigal ,Head Teacher I,9566832536,501767@deped.gov.ph,7/14/2025 3:29,7/14/2025 3:29,
Upper Tagasan IS,501783,6,"Upper Tagasan, Gupitan, Kapalong, Davao del Norte",Benjelita L. Batao,School Principal I,9466874490,501783@deped.gov.ph,7/14/2025 3:29,7/14/2025 3:29,
Bunawan ES,128672,5,"Purok 5, Bunawan , Semong, Kapalong, Davao del Norte",Guia L. Genovia,Head Teacher II,9776839603,128672@deped.gov.ph,7/14/2025 3:29,7/14/2025 3:29,
Doña Carmen Soriano ES,128673,5,"Purok 4, Narra, Gabuyan, Kapalong Davao Del Norte",Alma A. Consencino,Principal IV,9176225263,128673@deped.gov.ph,7/14/2025 3:29,7/14/2025 3:29,
Gabuyan CES,128674,5,"Purok 1-A, Gabuyan, Kapalong, Davao del Norte",Rogelio D. Jurada,Principal III,9553584165,128674@deped.gov.ph,7/14/2025 3:29,7/14/2025 3:29,
Luna ES,128659,5,"Purok 2, Luna, Kapalong, Davao del Norte",Justo A. Villaver,Principal IV,9559574235,128659@deped.gov.ph,7/14/2025 3:29,7/14/2025 3:29,
Mangulibas ES,128677,5,"Purok 1, Katipunan, Kapalong, Davao del Norte",Joe Art R. Cervera,Principal I,9171792270,128677@deped.gov.ph,7/14/2025 3:29,7/14/2025 3:29,
Pag-asa ES,128678,5,"Purok 6, Pag-asa, Kapalong, Davao del Norte",Raul E. Consencino,Principal I,9177772138,128678@deped.gov.ph,7/14/2025 3:29,7/14/2025 3:29,
Pedro G. Colita Sr. ES,128676,5,"Purok 1, Mamacao, Kapalong, Davao del Norte ",Dr. Agustin R. Tamayo Jr.,Head Teacher II,9072069254,128676@deped.gov.ph,7/14/2025 3:29,7/14/2025 3:29,
Sagana ES,108926,5,"Purok 6, Sampao, Kapalong, Davao del Norte",Charls Ryde Manos,Head Teacher I,9324846500,108926@deped.gov.ph,7/14/2025 3:29,7/14/2025 3:29,
Semong ES,128680,5,"Purok 1, Semong, Kapalong, Davao del Norte",Jim Roy Pasion Cubar,Head Teacher I,9163926864,128680@deped.gov.ph,7/14/2025 3:29,7/14/2025 3:29,
Tiburcia ES,128681,5,"Purok 1, Tiburcia, Kapalong, Davao del Norte",Gina P. Arrosas,Head Teacher V,9085751656,128681@deped.gov.ph,7/14/2025 3:29,7/14/2025 3:29,
Sampao IS,500789,5,"Purok 2-A, Sampao, Kapalong, Davao del Norte",Jocelyn D. Fernandez,Principal IV,9207716650,500789@deped.gov.ph,7/14/2025 3:29,7/14/2025 3:29,
Cabidianan ES,128700,7,"Purok 1, Centro, Cabidianan, New Corella,DDN",Marion G. Creayla,Principal I,9283367303,128700@deped.gov.ph,7/14/2025 3:29,7/14/2025 3:29,
Carcor ES,128701,7,"Purok 4, Carcor, New Corella, Davao del Norte",Judith Q. Asenjo,Principal I,9664876193,128701@deped.gov.ph,7/14/2025 3:29,7/14/2025 3:29,
Dasing ES,128702,7,"Dasing, Mesaoy, New Corella, Davao del Norte",Rose Angelie C. Centina,Master Teacher II,9507613930,128702@deped.gov.ph,7/14/2025 3:29,7/14/2025 3:29,
Del Pilar ES,128703,7,"Purok 1, Del Pilar, New Corella, Davao del Norte",Fe R. Torrefranca,Principal IV,9496705857,128703@deped.gov.ph,7/14/2025 3:29,7/14/2025 3:29,
El Salvador ES,128704,7,"Purok I, El Salvador ,New Corella,Davao del Norte",Elvie C. Cruz,Principal III,9105434078,128704@deped.gov.ph,7/14/2025 3:29,7/14/2025 3:29,
El Unido ES,128705,7,"Purok 17, Mesaoy, New Corella, Davao del norte",Haydee D. Decendario,Head Teacher IV,9126430002,128705@deped.gov.ph,7/14/2025 3:29,7/14/2025 3:29,
Guadalupe ES,128706,7,"Purok 6-A, Limbaan, New Corella, Davao del Norte",Giovanni G. Quiocho,Head Teacher I,9486811785,128706@deped.gov.ph,7/14/2025 3:29,7/14/2025 3:29,
Kauswagan ES,128707,7,"Purok 9, Limbaan, New Corella, Davao del Norte",Rolando L. Bughao,Head Teacher III,9639570649,128707@deped.gov.ph,7/14/2025 3:29,7/14/2025 3:29,
Lataban ES,128708,7,"Purok 1, Del Monte, New Corella, Davao del Norye",Ulysis P. Vito,Head Teacher V,9610055793,128708@deped.gov.ph,7/14/2025 3:29,7/14/2025 3:29,
Limbaan ES,128709,7,"Purok 3, Limbaan, New Corella, Davao del Norte",Divina G. Aplaon,Principal IV,9985398183,128709@deped.gov.ph,7/14/2025 3:29,7/14/2025 3:29,
Mambing ES,128711,7,"Purok 1, Mambing, New Corella, Davao del Norte",Jessie G. Dalaota,Head Teacher I,9533679242,128711@deped.gov.ph,7/14/2025 3:29,7/14/2025 3:29,
Mesaoy ES,128712,7,"Purok 1, Mesaoy, New Corella, Davao del Norte",Hilda S. Ermias,Principal IV,9309674801,128712@deped.gov.ph,7/14/2025 3:29,7/14/2025 3:29,
New Bohol ES,128713,7,"Purok 1, Mesaoy, New Corella, Davao del Norte",Levi C. Molina,Head Teacher I,9677526275,128713@deped.gov.ph,7/14/2025 3:29,7/14/2025 3:29,
New Corella CES,128714,7,"Purok 4, Poblacion, New Corella, Davao del Norte",Jimmy D. Esponilla,Principal IV,9087005572,128714@deped.gov.ph,7/14/2025 3:29,7/14/2025 3:29,
New Cortez ES,128715,7,"Purok 1 Central, New Cortez , New Corella , Davao del Norte","Francisco M. Oñez, Jr.",Principal IV,9152210520,128715@deped.gov.ph,7/14/2025 3:29,7/14/2025 3:29,
New Sambog ES,128716,7,"Purok 1, New Sambog, New Corella, Davao del Norte",Joy Q. Darunday,Principal II,9171089776,128716@deped.gov.ph,7/14/2025 3:29,7/14/2025 3:29,
Patrocenio ES,128717,7,"Purok 1, Patrocenio, New Corella, Davao del Norte",Danilo B. Cruz,Head Teacher IV,9700927079,128717@deped.gov.ph,7/14/2025 3:29,7/14/2025 3:29,
San Jose ES,128718,7,"Purok 5, San Jose, New Corella, Davao del Norte",Marry Ann V. Agonia,Principal II,9384900518,128718@deped.gov.ph,7/14/2025 3:29,7/14/2025 3:29,
San Roque ES,128719,7,"Purok 1, San Roque, New Corella, Davao del Norte",Marissa M. Ventura,Principal IV,9778496357,128719@deped.gov.ph,7/14/2025 3:29,7/14/2025 3:29,
Saug ES,128720,7,"Purok 1, Saug, Macgum, New Corella, Davao del Norte",Edgar C. Butlig,Head Teacher II,,128720@deped.gov.ph,7/14/2025 3:29,7/14/2025 3:29,
Silangan ES,204507,7,"Silangan, Sta. Cruz, New Corella, Davao del Norte",Gemma C. Ardenio,Principal I,9816963612,204507@deped.gov.ph,7/14/2025 3:29,7/14/2025 3:29,
Sta. Cruz ES,128722,7,"Purok 1, Sta. Cruz, New Corella,Davao del Norte",Rosalinda A. Jabines,Principal I,9283329542,128722@deped.gov.ph,7/14/2025 3:29,7/14/2025 3:29,
Sta. Fe ES,128723,7,"Purok 2, Sta. Fe, New Corella, Davao del Norte",Delna C. Cagulang,Head Teacher III,9514505341,128723@deped.gov.ph,7/14/2025 3:29,7/14/2025 3:29,
Sto. Niño ES,128724,7,"Purok 3, Sto. Niño, New Corella, Davao del Norte",Anna May D. Abayon,Principal II,9985622646,128724@deped.gov.ph,7/14/2025 3:29,7/14/2025 3:29,
Suawon ES,128725,7,"Purok1, Suawon, New Corella, Davao del Norte",Jesustomo M.Calvo Jr.,Principal I,9215040495,128725@deped.gov.ph,7/14/2025 3:29,7/14/2025 3:29,
Macgum IS,500849,7,"Purok 3, Macgum, New Corella, Davao del Norte","Urbano Q. Jumamil, Jr.",Head Teacher II,9388594949,500849@deped.gov.ph,7/14/2025 3:29,7/14/2025 3:29,
Mangguangan IS,501661,7,"Purok 7, Mambing, New Corella, Davao del Norte",Glend J. Buctuanon,Master Teacher I,9517945722,501661@deped.gov.ph,7/14/2025 3:29,7/14/2025 3:29,
Agman PS,128646,8,"Purok 5, Agman, Linao, San Isidro, Davao del Norte",Merlie L. Sumatra,Head Teacher I,9654619296,128646@deped.gov.ph,7/14/2025 3:29,7/14/2025 3:29,
Dacudao ES,128648,8,"Purok Malinawon, Dakudao, San Isidro, Davao del Norte",Flarida C. Intan,Head Teacher IV,9465451666,128648@deped.gov.ph,7/14/2025 3:29,7/14/2025 3:29,
Datu Balong ES,128649,8,"Purok 1-A, Datu Balong, San Isidro, Davao del Norte",Jo-an A. Castro,Master Teacher III,9263506383,128649@deped.gov.ph,7/14/2025 3:29,7/14/2025 3:29,
Gov. Dujali ES,128652,8,"Paglaum, Monte Dujali, San Isidro, Davao del Norte",Rowena T. Cahapay,Principal I,9303811933,128652@deped.gov.ph,7/14/2025 3:29,7/14/2025 3:29,
Kipalili ES,128576,8,"Purok 2, Kipalili, San Isidro, Davao Del Norte",Jessie C. Lamsin,Master Teacher II,9469308840,128576@deped.gov.ph,7/14/2025 3:29,7/14/2025 3:29,
Libuton ES,128656,8,"Purok 1, Libuton, San Isidro, Davao del Norte",Randy T. Lumapat,Prinicpal III,9709890654,128656@deped.gov.ph,7/14/2025 3:29,7/14/2025 3:29,
Linao ES,128657,8,"Purok 1, Linao, San Isidro, Davao del Norte",Arlene B. Refamonte,Principal I,9399045865,128657@deped.gov.ph,7/14/2025 3:29,7/14/2025 3:29,
Mamangan ES,128581,8,"Purok Cadena de Amor, Mamangan, San Isidro, Davao del Norte",Liza Mae S. Senon,Teacher III,9971632040,128581@deped.gov.ph,7/14/2025 3:29,7/14/2025 3:29,
Pinamuno ES,128667,8,"Purok Skylab, Pinamuno, San Isidro, Davao del Norte",Alex B. Aporbo,Head Teacher I,9364639427,128667@deped.gov.ph,7/14/2025 3:29,7/14/2025 3:29,
Sabangan ES,128590,8,"Purok 14, Sabangan, San Isidro, Davao del Norte",Nimfa G. Alfar,Head Teacher I,9477463703,128590@deped.gov.ph,7/14/2025 3:29,7/14/2025 3:29,
San Miguel ES,128669,8,"Purok 1, San Miguel, San Isidro, Davao del Norte",Robert D. Sabaysabay,Head Teacher I,9057426604,128669@deped.gov.ph,7/14/2025 3:29,7/14/2025 3:29,
San Miguel PS,128592,8,"Km. 30, Sawata, San Isidro, Davao del Norte",Zarah P. Lumapat,Principal I,9128144211,128592@deped.gov.ph,7/14/2025 3:29,7/14/2025 3:29,
Sawata Adecor ES,128594,8,"Purok 1, Sto. Niño, San Isidro, Davao del Norte",Elpidio I. Dupitas,Principal I,9124996211,128594@deped.gov.ph,7/14/2025 3:29,7/14/2025 3:29,
Sawata Ernandcor CES,128595,8,"Purok Cacao A, Sawata, San Isidro, Davao del Norte",Ma. Irma C. Llevado,Principal I,9512454956,128595@deped.gov.ph,7/14/2025 3:29,7/14/2025 3:29,
Igangon IS,500859,8,"Purok 1-B, Igangon, San Isidro, Davao del Norte",Richard L. Cia,Principal II,9178082512,500859@deped.gov.ph,7/14/2025 3:29,7/14/2025 3:29,
Banaog ES,204510,11,"Banaog, Palma Gil, Talaingod, Davao del Norte",Geric Bryle B. Lascuña,Head Teacher III,9090968049,204510@deped.gov.ph,7/14/2025 3:29,7/14/2025 3:29,
Barobo ES,204508,11,"Sitio Barobo, Dagohoy, Talaingod, Davao Del Norte ",Romel P. Francisco,Head Teacher II,9752851195,204508@deped.gov.ph,7/14/2025 3:29,7/14/2025 3:29,
Dagohoy ES,128801,11,"Purok 1, Dagohoy, Talaingod, Davao del Norte ",Elsie P. Lucino,Principal II,9272253940,128801@deped.gov.ph,7/14/2025 3:29,7/14/2025 3:29,
Datu Felino Dagwaan ES,137060,11,"Dalingding, Palma Gil, Talaingod, Davao del Norte ",Hazel Ann T. Manigos,Teacher I,9070922286,137060@deped.gov.ph,7/14/2025 3:29,7/14/2025 3:29,
Gatong ES,204509,11,"Gatong, Palma Gil, Talaingod, Davao del Norte",Laureta L. Ohina,Head Teacher II,9757332022,204509@deped.gov.ph,7/14/2025 3:29,7/14/2025 3:29,
Ibuyag Lamburan ES,101909,11,"Sitio Misuloksolok,Sto.Niño,Talaingod,Davao del Norte",Rowell B. Flores,Head Teacher III,9096324626,101909@deped.gov.ph,7/14/2025 3:29,7/14/2025 3:29,
Ibuyag Pocapoc PS,101952,11,"Damuluan, Dagohoy, Talaingod, Davao del Norte",Allan Roy A. Eturma,Master Teacher II,,101952@deped.gov.ph,7/14/2025 3:29,7/14/2025 3:29,
Igang ES,137056,11,"Igang, Palma Gil, Talaingod, Davao del Norte",Julie Ann L. Cortes,Teacher I,9606491558,137056@deped.gov.ph,7/14/2025 3:29,7/14/2025 3:29,
Kamingawan ES,101973,11,"Tamboco, Palma Gil, Talaingod,Davao del Norte",Gerimy A. Gornes,Head Teacher II,9975708504,101973@deped.gov.ph,7/14/2025 3:29,7/14/2025 3:29,
Km. 31 PS,204515,11,"Sitio Km. 31, Dagohoy, Talaingod, Davao del Norte",Jessie O. Fortuna,Head Teacher I,9168566438,204515@deped.gov.ph,7/14/2025 3:29,7/14/2025 3:29,
Kuyas ES,204518,11,"Sitio Kuyas, Sto. Niño, Talaingod, Davao del Norte",Perlas Astorga Labial,Head Teacher II,9177027407,204518@deped.gov.ph,7/14/2025 3:29,7/14/2025 3:29,
Lambid ES,137058,11,"Sitio Lambid, Sto. Niño, Talaingod, Dava del Norte",Joel P. Alano,Head Teacher I,9551037801,137058@deped.gov.ph,7/14/2025 3:29,7/14/2025 3:29,
Lomondong ES,204535,11,"Lumondong, Dagohoy, Talaingod, Davao del Norte",Alfonso B. Galgo,Head Teacher I,9752888405,204535@deped.gov.ph,7/14/2025 3:29,7/14/2025 3:29,
Malapanit ES,102008,11,"Malapanit, Sto. Nino, Talaingod, Davao del norte",Marjorie Orocio-Abella,Teacher I,9071316822,102008@deped.gov.ph,7/14/2025 3:29,7/14/2025 3:29,
Milyong ES,204519,11,"Milyong, Sto. Niño, Talaingod, Davao del Norte",Juvic C. Saguing,Principal I,9673511510,204519@deped.gov.ph,7/14/2025 3:29,7/14/2025 3:29,
Napisulan ES,204534,11,"Napisulan,  Sto Nino, Talaingod, Davao Del Norte",Gliezel S. Viloria,Master Teacher I,9477548580,204534@deped.gov.ph,7/14/2025 3:29,7/14/2025 3:29,
Napunong ES,204536,11,"Purok 31, Napunong, Sto. Nino, Talaingod, Davao del Norte",Raul C. Bacus,Head Teacher III,9098159009,204536@deped.gov.ph,7/14/2025 3:29,7/14/2025 3:29,
Natulinan ES,204504,11,"29, Natulinan, Palma Gil, Talaingod,  Davao del Norte",Rodel E. Fernandez,Head Teacher II,9261711719,204504@deped.gov.ph,7/14/2025 3:29,7/14/2025 3:29,
Pongpong ES,137070,11,"Pongpong, Dagohoy, Talaingod, Davao del Norte",Cornelio F. Bangoy,Head Teacher III,9355017358,137070@deped.gov.ph,7/14/2025 3:29,7/14/2025 3:29,
Sambolungan ES,137057,11,"Sambolungan, Palma Gil, Talaingod, Davao del Norte","Leopoldo A. Robles, Jr.",Head Teacher I,9922026324,137057@deped.gov.ph,7/14/2025 3:29,7/14/2025 3:29,
Sto. Niño CES,128807,11,"Purok 6-C, Sto.Niño, Talaingod, Davao del Norte",Roneil D. Ignalig,Principal II,9081676742,128807@deped.gov.ph,7/14/2025 3:29,7/14/2025 3:29,
Tibi-Tibi ES,128808,11,"Salawao, Santo Niño, Talaingod, Davao del Norte",Amie Glee P. Duclayan,Master Teacher III,9778024732,128808@deped.gov.ph,7/14/2025 3:29,7/14/2025 3:29,
Basak IS,502243,11,"Sitio Basak, Santo Nino, Talaingod, Davao del Norte",Dexter B. Soriano,Head Teacher II,9462970803,502243@deped.gov.ph,7/14/2025 3:29,7/14/2025 3:29,
Butay IS,500449,11,"Sitio Kamaca, Palma Gil, Talaingod, Davao del Norte",Lynelle Joy T. Dayaganon,Master Teacher I,9364264142,500449@deped.gov.ph,7/14/2025 3:29,7/14/2025 3:29,
Cabadiangan IS,501074,11,"Cabadiangan, Sto. Niño, Talaingod, Davao del Norte",Zenaida C. Agalao,Principal II,9153470421,501074@deped.gov.ph,7/14/2025 3:29,7/14/2025 3:29,
Central Baugan IS,501943,11,"Central Baugan, Palma Gil, Talaingod, Davao del Norte",Roldan T. Calimpong,Head Teacher II,9600354183,501943@deped.gov.ph,7/14/2025 3:29,7/14/2025 3:29,
Dulyan IS,501904,11,"Dulyan, Palma Gil, Talaingod, Davao del Norte",Connie C. Agang,Head Teacher I,9153933327,501904@deped.gov.ph,7/14/2025 3:29,7/14/2025 3:29,
Lumabag IS,500848,11,"Lumabag, Palma Gil, Talaingod, Davao del Norte",Rogelio O. Rabe Jr.,Head Teacher I,9513711474,500848@deped.gov.ph,7/14/2025 3:29,7/14/2025 3:29,
Mesolong IS,500855,11,"Misulong, Santo Niño, Talaingod, Davao del Norte",Girlie M. Limbadan,Principal II,9975992386,500855@deped.gov.ph,7/14/2025 3:29,7/14/2025 3:29,
Naseco IS,500850,11,"#29, Naseco, Sto. Nino, Talaingod, Davao del Norte",Ronnelo T. Jalbuna,Principal I,9559806693,500850@deped.gov.ph,7/14/2025 3:29,7/14/2025 3:29,
Nasilaban IS,500448,11,"Nasilaban, Palma Gil, Talaingod, Davao del Norte ",Jeanette B. Peñapil,Principal I,9487724039,500448@deped.gov.ph,7/14/2025 3:29,7/14/2025 3:29,
Paiton IS,500851,11,"Purok 6, Paiton, Dagohoy, Talaingod, Davao del Norte",Erlyn P. Maldo,Principal II,9203516940,500851@deped.gov.ph,7/14/2025 3:29,7/14/2025 3:29,
Palma Gil IS,501410,11,"Purok 1, Palma Gil, Talaingid, Davao Del Norte",Donabel P. Marimon,Principal III,9399024223,501410@deped.gov.ph,7/14/2025 3:29,7/14/2025 3:29,
Tibucag IS,500451,11,"Km 23, Tibucag, Dagohoy, Talaingod, Davao del Norte",Leo M. Legaspi,Head Teacher III,9078618781,500451@deped.gov.ph,7/14/2025 3:29,7/14/2025 3:29,
Bacale ES,128614,2,"Sitio Bacali, Dujali, Braulio E. Dujali, Davao del Norte",John Gideon P. Pasa Jr.,Head Teacher II,9758187381,128614@deped.gov.ph,7/14/2025 3:29,7/14/2025 3:29,
Balisong ES,128615,2,"Purok Caimito, Balisong, Cabayangan, Braulio E. Dujali, Davao del Norte",Dexter D. Baldonado,Teacher III,9260767349,128615@deped.gov.ph,7/14/2025 3:29,7/14/2025 3:29,
Cabayangan ES,128616,2,"Purok 1-A, Cabayangan,Braulio E. Dujali, Davao del Norte",Ruth M. Venus,Principal I,9399169577,128616@deped.gov.ph,7/14/2025 3:29,7/14/2025 3:29,
Dapecol ES,128617,2,"Z-3, Dapecol, Tanglaw, Braulio E.Dujali, Davao del Norte",Evelyn G.Ybañez,Head Teacher III,9165934917,128617@deped.gov.ph,7/14/2025 3:29,7/14/2025 3:29,
Dujali CES,128618,2,"Purok 5-A, Dujali, Braulio E. Dujali, Davao del Norte ",Susan T. Flores,Principal II,9159177374,128618@deped.gov.ph,7/14/2025 3:29,7/14/2025 3:29,
East Cabay-angan ES,128619,2,"Purok 2-A, Pag-asa East, Cabayangan, Braulio E. Dujali",Leonila B. Duco,Head Teacher II,9368180746,128619@deped.gov.ph,7/14/2025 3:29,7/14/2025 3:29,
Magupising ES,128620,2,"Ipil-ipil, Magupising, B.E. Dujali, Davao del Norte ",Ritchel C. Anocop,Teacher II,9056900931,128620@deped.gov.ph,7/14/2025 3:29,7/14/2025 3:29,
Talisay ES,128622,2,"Purok 2, Bugtong Talisay, Dujali, Braulio E. Dujali, Davao del Norte",Lourdes R. Alvarez,Principal IV,9383747897,128622@deped.gov.ph,7/14/2025 3:29,7/14/2025 3:29,
Tanglaw ES,128623,2,"Purok 4, Tanglaw, Braulio E. Dujali, Davao del Norte",Edwin B. Luceño,Principal I,9193261490,128623@deped.gov.ph,7/14/2025 3:29,7/14/2025 3:29,
Tanglaw 3A ES,204516,2,"Purok 3-A, Tanglaw, Braulio E. Dujali, Davao del Norte",Ruthcelyn B. Muga,Teacher III,9079061684,204516@deped.gov.ph,7/14/2025 3:29,7/14/2025 3:29,
New Casay IS,501766,2,"Purok 4-B, New Casay, Braulio E. Dujali, Davao del Norte",Cecille Ann L. Pamplona,Head Teacher I,9972071623,501766@deped.gov.ph,7/14/2025 3:29,7/14/2025 3:29,
Alejal ES,128624,3,"Purok 3, Alejal, Carmen, Davao del Norte",Alberto V. Alvillar,Head Teacher III,9480723599,128624@deped.gov.ph,7/14/2025 3:29,7/14/2025 3:29,
Anibongan ES,128625,3,"Purok 2, Anibongan , Carmen, Davao del Norte",Noel D. Apostol,Principal IV,9382694522,128625@deped.gov.ph,7/14/2025 3:29,7/14/2025 3:29,
Asuncion ES,128626,3,"Purok 3,Asuncion, Carmen,Davao del Norte",Judylene E. Recaña,Principal I,9399250590,128626@deped.gov.ph,7/14/2025 3:29,7/14/2025 3:29,
Carmen CES,128627,3,"Purok 6, Ising, Carmen, Davao del Norte",Rochelle R. Capon,Principal IV,9985622685,128627@deped.gov.ph,7/14/2025 3:29,7/14/2025 3:29,
Cebulano ES,128629,3,"Purok 3, Cebulano, Carmen, Davao del Norte",Rizalina L. Arcena,Principal III,9399272976,128629@deped.gov.ph,7/14/2025 3:29,7/14/2025 3:29,
Guadalupe ES,128630,3,"Purok 2, Guadalupe, Carmen, Davao del Norte",Mauro III F. Daite,Head Teacher III,9199219788,128630@deped.gov.ph,7/14/2025 3:29,7/14/2025 3:29,
Mabaus ES,128632,3,"Purok 6, Mabaus, Carmen, Davao del Norte",Narisa G. Baradia,Head Teacher II,9550281941,128632@deped.gov.ph,7/14/2025 3:29,7/14/2025 3:29,
Mabuhay ES,128633,3,"Purok 2, Mabuhay , Carmen, Davao del Norte",Leomar C. Dorias,Head Teacher II,9477556560,128633@deped.gov.ph,7/14/2025 3:29,7/14/2025 3:29,
Magsaysay ES,128634,3,"Purok 1, Magsaysay, Carmen, Davao del Norte",Teresita B. Butalid,Principal IV,9985116522,128634@deped.gov.ph,7/14/2025 3:29,7/14/2025 3:29,
Mangalcal ES,128635,3,"Purok 3, Mangalcal, Carmen, Davao del Norte",Joann M. Largosa,Head Teacher II,9171789911,128635@deped.gov.ph,7/14/2025 3:29,7/14/2025 3:29,
Minda ES,128636,3,"Purok 1, Minda, Carmen, Davao del Norte",Gerlyn C. Carpina,Teacher III,9462634921,128636@deped.gov.ph,7/14/2025 3:29,7/14/2025 3:29,
New Camiling ES,128637,3,"Purok 1, New Camiling, Carmen, Davao del Norte",Juliet V. Aniana,Principal I,9278013294,128637@deped.gov.ph,7/14/2025 3:29,7/14/2025 3:29,
New Maligaya ES,128628,3,"New Maligaya, Ising, Carmen, Davao del Norte",Angelina R. Tagaro,Principal II,9512553266,128628@deped.gov.ph,7/14/2025 3:29,7/14/2025 3:29,
Pinta Sabarat ES,128631,3,"Purok Nagkaisa, La Paz, Carmen, Davao del Norte",Juliet B. Albarico,Master Teacher I,9078299638,128631@deped.gov.ph,7/14/2025 3:29,7/14/2025 3:29,
Salvacion ES,128638,3,"Purok 2, Salvacion, Carmen,  Davao del Norte",Emalinda A. Terona,Master Teacher II,9509327152,128638@deped.gov.ph,7/14/2025 3:29,7/14/2025 3:29,
San Isidro ES,128639,3,"Purok 1, San Isidro, Carmen, Davao del Norte",Nestor B. Manglallan,Master Teacher II,9489346816,128639@deped.gov.ph,7/14/2025 3:29,7/14/2025 3:29,
Sto Niño ES,128640,3,"Purok 3-C, Sto. Niño, Carmen, Davao del Norte",Marites D. Fernandez,Principal IV,9399272900,128640@deped.gov.ph,7/14/2025 3:29,7/14/2025 3:29,
Taba ES,128641,3,"Purok 5, Taba, Carmen, Davao del Norte",Maricris B. Legarda,Master Teacher I,9365330437,128641@deped.gov.ph,7/14/2025 3:29,7/14/2025 3:29,
Tibulao ES,128642,3,"Purok 3, Tibulao, Carmen, Davao Del Norte",Emily M. Wylie,Head Teacher I,9385958298,128642@deped.gov.ph,7/14/2025 3:29,7/14/2025 3:29,
Tubod ES,128643,3,"Purok 3, Tubod, Carmen, Davao del Norte",Mary Evangeline D. Singson,Principal II,9978944951,128643@deped.gov.ph,7/14/2025 3:29,7/14/2025 3:29,
Tuganay ES,128644,3,"National Highway, Tuganay, Carmen, Davao del Norte",Lorelie P. Sesaldo,Principal III,9478967175,128644@deped.gov.ph,7/14/2025 3:29,7/14/2025 3:29,
Apitong ES,128743,9,"Apitong, La Libertad, Santo Tomas, Davao del Norte ",Leonila O. Lofranco,Head Teacher III,9260475279,128743@deped.gov.ph,7/14/2025 3:29,7/14/2025 3:29,
Balisong ES,128744,9,"Purok 7, Sitio Balisong, Talomo, Santo Tomas, Davao del Norte",Jerlyn S. Baconga,Master Teacher III,9976803927,128744@deped.gov.ph,7/14/2025 3:29,7/14/2025 3:29,
Casig-ang ES,128745,9,"Purok 2, Casig-ang, Sto. Tomas, Davao del Norte",Albert D. Eñano,Master Teacher III,9919664346,128745@deped.gov.ph,7/14/2025 3:29,7/14/2025 3:29,
Esperanza ES,128746,9,"Mindahila, Esperanza, Santo Tomas, Davao del Norte",Elden A. Derutas,Principal II,9472633139,128746@deped.gov.ph,7/14/2025 3:29,7/14/2025 3:29,
Jesus Lumain ES,128747,9,"Purok 9, San Vicente, Sto. Tomas, Davao del Norte",Julie Ann L. Superior,Principal I,9657864251,128747@deped.gov.ph,7/14/2025 3:29,7/14/2025 3:29,
Kimamon ES,128748,9,"Purok 1, Kimamon,Sto Tomas, Davao del Norte",Jove A. Pagtaconan,Principal I,9477910434,128748@deped.gov.ph,7/14/2025 3:29,7/14/2025 3:29,
La Libertad ES,128750,9,"Purok 5-A, La Libertad, Santo Tomas, Davao del Norte",Bernard K. Mallorca,Principal I,9217361529,128750@deped.gov.ph,7/14/2025 3:29,7/14/2025 3:29,
Quintin D. Vasquez ES (Lunga-og ES),128751,9,"Purok Azucena, Lunga-og, Santo Tomas, Davao del Norte",Arnel B. Argallon,Principal II,9652918384,128751@deped.gov.ph,7/14/2025 3:29,7/14/2025 3:29,
Nafco CES,128752,9,"Purok 7, Bobongon, Santo Tomas, Davao del Norte",Julie Jr. M. Famisaran,Principal III,9635354479,128752@deped.gov.ph,7/14/2025 3:29,7/14/2025 3:29,
Pantaron ES,128753,9,"Purok 1, Pantaron, Sto. Tomas, Davao del Norte",Candelaria A. Brucal,Principal IV,9317274069,128753@deped.gov.ph,7/14/2025 3:29,7/14/2025 3:29,
Salvacion ES,128754,9,"Purok 1, Salvacion, Sto. Tomas, Davao del Norte",Ligaya A. Bolo,Principal II,9772131618,128754@deped.gov.ph,7/14/2025 3:29,7/14/2025 3:29,
San Miguel ES,128755,9,"Purok 3, San Miguel, Sto. Tomas, Davao del Norte",Jerry Ben V. Sasam,Master Teacher II,9606491375,128755@deped.gov.ph,7/14/2025 3:29,7/14/2025 3:29,
Talomo ES,128756,9,"Purok 2, Talomo, Sto. Tomas, Davao del Norte",Wendell M. Maglente,Head Teacher I,9674063267,128756@deped.gov.ph,7/14/2025 3:29,7/14/2025 3:29,
Kinamayan IS,500450,9,"Purok 1, Unit 2, Kinamayan, Sto. Tomas, Davao del Norte",Ener Mades Judit,Principal IV,9503225063,500450@deped.gov.ph,7/14/2025 3:29,7/14/2025 3:29,
Balagunan ES,128757,10,"Purok 1, Balagunan, Sto. Tomas, Davao del Norte",Mila Juvy J. Cachuela,Principal IV,9399290083,128757@deped.gov.ph,7/14/2025 3:29,7/14/2025 3:29,
Bobongon ES,128758,10,"Purok 1, Bobongon, Santo Tomas, Davao del Norte",Joselito F. Gudio,Head Teacher III,9989795105,128758@deped.gov.ph,7/14/2025 3:29,7/14/2025 3:29,
Marsman ES,128760,10,"Marsman Compound, Tibal-og, Santo Tomas, Davao del Norte",Ivy T. Caspe,Head Teacher ll,9101867758,128760@deped.gov.ph,7/14/2025 3:29,7/14/2025 3:29,
New Katipunan ES,128761,10,"Purok1, New Katipunan, Sto. Tomas, Davao del Norte",Rosanna G. Lasco,Principal IV,9176323757,128761@deped.gov.ph,7/14/2025 3:29,7/14/2025 3:29,
New Visayas ES,128762,10,"Malabago, New Visayas, Santo Tomas, Davao del Norte",Glenda C. Sibonga,Principal I,9474269817,128762@deped.gov.ph,7/14/2025 3:29,7/14/2025 3:29,
San Isidro ES,128763,10,"Purok 16, Sitio San Isidro, Tibal-og, Santo Tomas, Davao del Norte",Glenn B. Timbal,Head Teacher ll,9912275882,128763@deped.gov.ph,7/14/2025 3:29,7/14/2025 3:29,
San Jose ES,128764,10,"Purok 4, San Jose, Sto. Tomas, Davao del Norte",Bren Chrisman U. Colita,Principal I,9124967377,128764@deped.gov.ph,7/14/2025 3:29,7/14/2025 3:29,
Sto. Tomas CES SPED Center,128765,10,"Feeder Road 3, Tibal-og, Sto. Tomas, Davao del Norte",Jocelyn C. Cadiente,Prinicipal IV,9602461992,128765@deped.gov.ph,7/14/2025 3:29,7/14/2025 3:29,
Talos ES,128766,10,"Talos, San Jose, Sto. Tomas, Davao del Norte ",Janeth L. Delgado,Head Teacher III,9268665606,128766@deped.gov.ph,7/14/2025 3:29,7/14/2025 3:29,
Tulalian ES,128767,10,"Purok 13, Tulalian, Santo Tomas, Davao del Norte",Elizabeth S. Diesca,Principal I,9957937337,128767@deped.gov.ph,7/14/2025 3:29,7/14/2025 3:29,
Maguintalunan IS,501764,10,"Sitio Maguintalunan, New Visayas, Sto. Tomas, Davao del Norte",Vicky Ruth Costelo,Head Teacher IV,,501764@deped.gov.ph,7/14/2025 3:29,7/14/2025 3:29,
Magwawa IS,500852,10,"Purok 1-A, Magwawa, Santo Tomas, Davao del Norte",Ana Jean M. Adajar,Head Teacher I,9488596495,500852@deped.gov.ph,7/14/2025 3:29,7/14/2025 3:29,
Asuncion NHS,304217,,"Purok 12, Cambanogoy, Asuncion, Davao del Norte",Rhoda N. Rosete,Principal I,9267262545,304217@deped.gov.ph,7/14/2025 3:29,7/14/2025 3:29,
Sagayen NHS,304218,,"Purok 2, Sagayen, Asuncion, Davao del Norte",Arlyn P. Murillo,Principal IV,9468186236,304218@deped.gov.ph,7/14/2025 3:29,7/14/2025 3:29,
Sonlon NHS,304252,,"Venus, Sonlon, Asuncion, Davao del Norte","Marietta R. Ranis, Ed. D",Principal II,9399162982,304252@deped.gov.ph,7/14/2025 3:29,7/14/2025 3:29,
Davao Del Norte Regional Sports Academy,341449,,"Davao del Norte Sports and Tourism Complex, Mankilam, Tagum City",Aries A. Gamino,ASP II,9758196079,341449@deped.gov.ph,7/14/2025 3:29,7/14/2025 3:29,
Baltazar Nicor Valenzuela NHS,304234,,"Purok 3-B, Capungagan, Kapalong, Davao del Norte",Ruben M. Palomata,Head Teacher III,9257153815,304234@deped.gov.ph,7/14/2025 3:29,7/14/2025 3:29,
Kapalong NHS ,304233,,"Kumintang, Maniki, Kapalong, Davao del Norte",Dr. Oliver U. Emata,Principal IV,9203608299,304233@deped.gov.ph,7/14/2025 3:29,7/14/2025 3:29,
Mabantao NHS,304242,,"Purok Camp Victa, Mabantao, Kapalong, Davao del Norte",Martin C. Manera,Principal II (SHS),9066806429,304242@deped.gov.ph,7/14/2025 3:29,7/14/2025 3:29,
Ramon S. Segundo Sr. NHS ,305508,,"Sitio Tublihon, Florida, Kapalong, Davao del Norte",John Carlo M. Pacana,Head Teacher II,9368987206,305508@deped.gov.ph,7/14/2025 3:29,7/14/2025 3:29,
Sua-on NHS,304235,,"Purok 13, Sua-on, Kapalong, Davao del Norte",Ariel A. Macalde,Head Teacher II,9120699972,304235@deped.gov.ph,7/14/2025 3:29,7/14/2025 3:29,
Narra NHS,304228,,"Purok 4, Gabuyan, Kapalong, Davao del Norte",Gretchen Mhee P. Llaneta,Head Teacher III,9518222393,304228@deped.gov.ph,7/14/2025 3:29,7/14/2025 3:29,
Gabuyan NHS,306347,,"Gabuyan, Kapalong, Davao del Norte",Ma. Marilyn C.Niniel,Head Teacher III,9399162982,306347@deped.gov.ph,7/14/2025 3:29,7/14/2025 3:29,
Luna NHS,304241,,"Purok 2, Luna, Kapalong, Davao del Norte",Grace T. Torsino,Head Teacher V,9173072947,304241@deped.gov.ph,7/14/2025 3:29,7/14/2025 3:29,
Semong NHS,304243,,"Purok 3, Semong, Kapalong, Davao del Norte",Ave A. Ramos,Master Teacher II,9972581931,304243@deped.gov.ph,7/14/2025 3:29,7/14/2025 3:29,
Benigno Q. Martir NHS,301775,,"Patel, Gupitan, Kapalong, Davao del Norte",Mira D. Adlaon,Head Teacher I,9355701150,301775@deped.gov.ph,7/14/2025 3:29,7/14/2025 3:29,
Dugayan NHS,301773,,"Sitio Dugayan, Gupitan, Kapalong, Davao del Norte",Junnel I. Masaluon,Head Teacher II,9700299951,301773@deped.gov.ph,7/14/2025 3:29,7/14/2025 3:29,
Limbaan NHS,304239,,"Purok 3, Limbaan, New Corella, Davao del Norte",Tomoteo T. Capadngan,Head Teacher IV,9071946462,304239@deped.gov.ph,7/14/2025 3:29,7/14/2025 3:29,
Mesaoy NHS,304249,,"Purok 23, Mesaoy, New Corella, Davao del Norte",Ronyr B. Ramos,ASP II,9266721924,304249@deped.gov.ph,7/14/2025 3:29,7/14/2025 3:29,
New Corella NHS ,304248,,"Purok 4, Poblacion, New Corella, Davao del Norte","Ricardo M. Olmedo, Jr.",Principal IV,9811435157,304248@deped.gov.ph,7/14/2025 3:29,7/14/2025 3:29,
Sta. Fe NHS ,315907,,"Purok 2, Sta. Fe, New Corella, Davao del Norte",Mayvelle A. Sapon,Master Teacher I,9175024928,315907@deped.gov.ph,7/14/2025 3:29,7/14/2025 3:29,
Datu Balong NHS,304224,,"Purok 1-B, Datu Balong, San Isido, Davao del Norte",Joberto M. Rosete,Head Teacher II,9266219135,304224@deped.gov.ph,7/14/2025 3:29,7/14/2025 3:29,
Linao NHS ,304240,,"Purok 1, Linao, San Isidro, Davao del Norte",Carlito G. Maligro,Head Teacher IV,9501894744,304240@deped.gov.ph,7/14/2025 3:29,7/14/2025 3:29,
Pinamuno HS,315906,,"Skylab, Pinamuno, San Isidro, Davao del Norte",Lucia A. Dingal,Head Teacher II,9121633491,315906@deped.gov.ph,7/14/2025 3:29,7/14/2025 3:29,
Sawata NHS ,304251,,"Purok 7, Sto. Niño, San Isidro, Davao Del Norte",Alan J. Paglinawan Jr.,Principal II,9303915710,304251@deped.gov.ph,7/14/2025 3:29,7/14/2025 3:29,
Dagohoy NHS,315905,,"Prk 2, Dagohoy, Talaingod, Davao del Norte",Arlene D. Danghil,Head Teacher II,9606495308,315905@deped.gov.ph,7/14/2025 3:29,7/14/2025 3:29,
Datu Jose A. Libayao Memorial NHS,304258,,"Salawao, Sto. Niño, Talaingod,  Davao del Norte",Ruel C. Lugatiman,Head Teacher I,9100459921,304258@deped.gov.ph,7/14/2025 3:29,7/14/2025 3:29,
Sto. Nino NHS,304257,,"Purok GMA, Sto. Niño, Talaingod, Davao Del Norte",Christine E. Paulican,Principal I,9458940441,304257@deped.gov.ph,7/14/2025 3:29,7/14/2025 3:29,
Natulinan NHS,305776,,"Natulinan, Palma Gil, Talaingod, Davao del Norte",Herrick O. Agustin,Master Teacher I,,305776@deped.gov.ph,7/14/2025 3:29,7/14/2025 3:29,
Antonio V. Fruto Sr. NHS ,304221,,"Purok 1-C Cabayangan, Braulio E  Dujali, Davao",Evelyn P. Lucas,Principal III,9298241762,304221@deped.gov.ph,7/14/2025 3:29,7/14/2025 3:29,
Dujali NHS,304229,,"Purok 1, Dujali, Braulio E. Dujali, Davao del Norte","Dominador P. Alagdon, Jr.",Principal IV,9267502353,304229@deped.gov.ph,7/14/2025 3:29,7/14/2025 3:29,
Tanglaw NHS,304230,,"Purok 4, Tanglaw, Braulio E. Dujali, Davao del Norte",Jocelyn J. Jaromahum,Master Teacher I,9946778344,304230@deped.gov.ph,7/14/2025 3:29,7/14/2025 3:29,
Alejal NHS,304215,,"Purok 3, Alejal, Carmen, Davao del Norte","Abelardo D. Cardinal, Jr.",Principal IV,9913618192,304215@deped.gov.ph,7/14/2025 3:29,7/14/2025 3:29,
Alia NHS,305844,,"Purok 3, Mangalcal, Carmen, Davao del Norte",Joy V. Luayon,Principal II,9197961399,305844@deped.gov.ph,7/14/2025 3:29,7/14/2025 3:29,
Anibongan NHS,315903,,"Purok 1, Anibongan, Carmen, Davao del Norte",Reynaldo B. Malubay,Principal III (SHS),9091932634,315903@deped.gov.ph,7/14/2025 3:29,7/14/2025 3:29,
Carmen NHS,304222,,"Ising, Carmen, Davao del Norte",Aser M. Samsona,Principal IV,9088621361,304222@deped.gov.ph,7/14/2025 3:29,7/14/2025 3:29,
La Paz NHS,315904,,"Purok San Antonio, La Paz, Carmen, Davao del Norte",Oliver P. Ponsades,Master Teacher I,9513620504,315904@deped.gov.ph,7/14/2025 3:29,7/14/2025 3:29,
Mabuhay NHS,304244,,"PUROK 2, MABUHAY, CARMEN, DAVAO DEL NORTE",Ernie C. Mellejor,Principal I,9503233142,304244@deped.gov.ph,7/14/2025 3:29,7/14/2025 3:29,
Tubod NHS ,315901,,"Purok 3, Tubod, Carmen, Davao del Norte",Joseph Henry L. Tuna,Principal IV,9093847617,315901@deped.gov.ph,7/14/2025 3:29,7/14/2025 3:29,
Kimamon NHS,304237,,"Kimamon, Sto.Tomas Davao del Norte",Dr.Agnes J.Macaso,Principal III,9399036310,304237@deped.gov.ph,7/14/2025 3:29,7/14/2025 3:29,
La Libertad NHS,304255,,"Purok 7A, La Libertad Sto. Tomas Davao del Norte",Romeo D. Dugenio,ASP II,9074047496,304255@deped.gov.ph,7/14/2025 3:29,7/14/2025 3:29,
Salvacion NHS,304256,,"Purok 1, Salvacion, Sto. Tomas Davao del Norte",Ramil M. Torsino,Principal IV,9178657312,304256@deped.gov.ph,7/14/2025 3:29,7/14/2025 3:29,
Balagunan NHS,304219,,"Purok 1, Brgy. Balagunan, Sto. Tomas Davao del Norte","Leomar A. Liboon, PhD",Principal II,9195828812,304219@deped.gov.ph,7/14/2025 3:29,7/14/2025 3:29,
Marsman NHS,304246,,"Menzi, Tibal-og, Sto.Tomas,Davao del Norte",Gabriel Angelo G. Dadula,Head Teacher III,9606491177,304246@deped.gov.ph,7/14/2025 3:29,7/14/2025 3:29,
Sto Tomas NHS,304254,,"Menzi, Tibal-og, Sto. Tomas, Davao del Norte",Armando M. Olmedo,Principal IV,9539353127,304254@deped.gov.ph,7/14/2025 3:29,7/14/2025 3:29,
Talomo NHS,306177,,"Purok Narra, Talomo, Sto. Tomas, Davao del Norte",Nick Guilbert T. Pocon,Master Teacher I,9265214951,306177@deped.gov.ph,7/14/2025 3:29,7/14/2025 3:29,
Tulalian NHS,315902,,"Purok 12, Tulalian Sto. Tomas, Davao del Norte",Nona Grace O. Isturis,Master Teacher I,9606491025,315902@deped.gov.ph,7/14/2025 3:29,7/14/2025 3:29,
